{
	"custom.happytutorialaudio1": {
		"sounds": [
			"custom/happytutorialaudio1"
		]
	},
	"custom.happytutorialaudio2": {
		"sounds": [
			"custom/happytutorialaudio2"
		]
	},
	"custom.happytutorialaudio3": {
		"sounds": [
			"custom/happytutorialaudio3"
		]
	},
	"custom.happytutorialaudio4": {
		"sounds": [
			"custom/happytutorialaudio4"
		]
	},
	"custom.happytutorialaudio5": {
		"sounds": [
			"custom/happytutorialaudio5"
		]
	},
	"custom.happytutorialaudio6": {
		"sounds": [
			"custom/happytutorialaudio6"
		]
	}
}